datetime,open,high,low,close,volume
2026-07-15T12:00:00+00:00,30481.200000000004,30568.08,29966.230000000003,30264.750000000007,1947754.376721634
2026-07-16T00:00:00+00:00,30264.750000000007,30369.880000000005,29934.950000000004,30020.500000000007,627449
2026-07-16T12:00:00+00:00,30020.500000000007,30103.030000000006,29640.510000000006,29675.010000000006,1944275
2026-07-17T00:00:00+00:00,29675.010000000006,29704.010000000006,29136.760000000006,29320.010000000006,802150
2026-07-17T12:00:00+00:00,29320.010000000006,29626.040000000005,28581.79,28610.36,2273525
2026-07-19T12:00:00+00:00,28610.36,28742.91,28577.54,28736.04,88827
2026-07-20T00:00:00+00:00,28736.04,28975.29,28630.41,28939.91,950385
2026-07-20T12:00:00+00:00,28939.91,29058.81,28571.12,28649.17,1865599
2026-07-21T00:00:00+00:00,28649.17,29072.17,28576.17,29022.42,593321
2026-07-21T12:00:00+00:00,29022.42,29232.32,28934.95,29165.85,1283217
2026-07-22T00:00:00+00:00,29165.85,29204.23,28886.1,28922.48,711224
2026-07-22T12:00:00+00:00,28922.48,29210.13,28830.55,29013.43,1338486
2026-07-23T00:00:00+00:00,29013.43,29152.31,28784.43,28835.56,769781
2026-07-23T12:00:00+00:00,28835.56,28837.31,28303.96,28554.86,2342229
2026-07-24T00:00:00+00:00,28554.86,28599.61,28342.36,28554.23,841751
2026-07-24T12:00:00+00:00,28554.23,28570.48,28088.76,28168.24,2123607
2026-07-26T12:00:00+00:00,28168.24,28603.260000000002,28168.24,28600.630000000005,66823
2026-07-27T00:00:00+00:00,28600.630000000005,28634.510000000002,28399.330000000005,28545.260000000002,665275
2026-07-27T12:00:00+00:00,28545.260000000002,28571.510000000002,27812.530000000002,28037.480000000003,2377089
2026-07-28T00:00:00+00:00,28037.480000000003,28068.860000000004,27714.230000000003,27837.610000000004,1122629
2026-07-28T12:00:00+00:00,27837.610000000004,27983.950000000004,27479.880000000005,27982.070000000003,2153444
2026-07-29T00:00:00+00:00,27982.070000000003,28053.520000000004,27521.070000000003,27883.320000000003,1070341
2026-07-29T12:00:00+00:00,27883.320000000003,27979.220000000005,27087.950000000004,27411.940000000002,2954622
2026-07-30T00:00:00+00:00,27411.940000000002,27627.570000000003,27227.940000000002,27607.320000000003,1294165
2026-07-30T12:00:00+00:00,27607.320000000003,28324.440000000002,27578.820000000003,28302.310000000005,2203947
2026-07-31T00:00:00+00:00,28302.310000000005,28519.560000000005,28269.060000000005,28432.940000000002,799790
2026-07-31T12:00:00+00:00,28432.940000000002,28604.840000000004,27960.210000000003,28267.390000000003,2323051
2026-08-02T12:00:00+00:00,28267.390000000003,28534.77,28267.390000000003,28507.39,77485
2026-08-03T00:00:00+00:00,28507.39,28591.52,28297.64,28314.64,662683
2026-08-03T12:00:00+00:00,28314.64,28865.8,28208.67,28865.42,1395732
2026-08-04T00:00:00+00:00,28865.42,29139.67,28726.17,29131.67,818356
2026-08-04T12:00:00+00:00,29131.67,29851.07,29082.8,29728.03,1439779
2026-08-05T00:00:00+00:00,29728.03,29882.41,29691.03,29812.03,638718
2026-08-05T12:00:00+00:00,29812.03,29964.68,29424.23,29480.44,2090650
2026-08-06T00:00:00+00:00,29480.44,29517.44,29262.19,29363.44,873203
2026-08-06T12:00:00+00:00,29363.44,29583.21,29138.96,29494.88,2096747
2026-08-07T00:00:00+00:00,29494.88,29569.63,29356.26,29514.51,678587
2026-08-07T12:00:00+00:00,29514.51,29767.13,29465.16,29714.710000000003,1844490
2026-08-09T12:00:00+00:00,29714.710000000003,29801.18,29711.13,29735.18,70537
2026-08-10T00:00:00+00:00,29735.18,29889.56,29694.63,29776.93,601450
2026-08-10T12:00:00+00:00,29776.93,29805.710000000003,29586.57,29612.07,1461543
2026-08-11T00:00:00+00:00,29612.07,29795.57,29575.2,29740.95,614660
2026-08-11T12:00:00+00:00,29740.95,29780.07,29442.600000000002,29574.11,1348789
2026-08-12T00:00:00+00:00,29574.11,29760.730000000003,29536.980000000003,29757.61,526518
2026-08-12T12:00:00+00:00,29757.61,29913.63,29662.93,29718.9,1397399.0973239676
2026-08-13T00:00:00+00:00,29718.9,29837.4,29710.53,29782.53,441548
2026-08-13T12:00:00+00:00,29782.53,30187.05,29726.600000000002,30117.59,1162823
2026-08-14T00:00:00+00:00,30117.59,30182.59,30038.84,30178.84,389888
2026-08-14T12:00:00+00:00,30178.84,30197.59,29943.99,30056.79,1051514.6924131298
2026-08-16T12:00:00+00:00,30056.79,30150.95,30056.79,30138.58,30757
2026-08-17T00:00:00+00:00,30138.58,30262.95,30109.33,30209.83,370961
2026-08-17T12:00:00+00:00,30209.83,30212.08,29978.45,30020.780000000002,1059346
2026-08-18T00:00:00+00:00,30020.780000000002,30047.280000000002,29613.530000000002,29673.9,625274
2026-08-18T12:00:00+00:00,29673.9,29711.65,29440.550000000003,29458.5,1414613
2026-08-19T00:00:00+00:00,29458.5,29571.38,29361,29466.13,740341
2026-08-19T12:00:00+00:00,29466.13,29687.75,29307.030000000002,29559,1814066
2026-08-20T00:00:00+00:00,29559,29615.75,29279,29290.370000000003,825797
2026-08-20T12:00:00+00:00,29290.370000000003,29399.65,29133.02,29223.32,1864725
2026-08-21T00:00:00+00:00,29223.32,29467.57,29221.07,29429.82,617400
2026-08-21T12:00:00+00:00,29429.82,29461.690000000002,29150.97,29315.140000000003,1230601
2026-08-23T12:00:00+00:00,29315.140000000003,29418.300000000003,29239,29405.300000000003,64150
2026-08-24T00:00:00+00:00,29405.300000000003,29410.050000000003,29055.050000000003,29185.180000000004,900141
2026-08-24T12:00:00+00:00,29185.180000000004,29185.180000000004,28886.830000000005,29037.650000000005,1366307
2026-08-25T00:00:00+00:00,29037.650000000005,29358.020000000004,28959.270000000004,29316.520000000004,986908
2026-08-25T12:00:00+00:00,29316.520000000004,29351.16,29095.960000000003,29155.400000000005,1388770
2026-08-26T00:00:00+00:00,29155.400000000005,29225.280000000006,29040.780000000006,29163.400000000005,600350
2026-08-26T12:00:00+00:00,29163.400000000005,29601.81000000001,29078.530000000006,29596.180000000008,1256123
2026-08-27T00:00:00+00:00,29596.180000000008,29608.18000000001,29350.43000000001,29505.93000000001,752828
2026-08-27T12:00:00+00:00,29505.93000000001,29655.810000000012,29373.210000000014,29550.890000000014,1588069
2026-08-28T00:00:00+00:00,29550.890000000014,29655.260000000013,29527.760000000013,29551.760000000013,558993
2026-08-28T12:00:00+00:00,29551.760000000013,29760.29000000001,29388.79000000001,29455.72,2012634
2026-08-30T12:00:00+00:00,29455.72,29500.260000000002,29246.56,29246.81,86943
2026-08-31T00:00:00+00:00,29246.81,29492.190000000002,29230.81,29386.56,625624
2026-08-31T12:00:00+00:00,29386.56,29495.710000000003,29312.960000000003,29460.24,1335083
2026-09-01T00:00:00+00:00,29460.24,29530.36,29126.86,29131.11,670832
2026-09-01T12:00:00+00:00,29131.11,29276.260000000002,28962.260000000002,29097.050000000003,1337842
2026-09-02T00:00:00+00:00,29097.05,29132.8,29010.92,29038.300000000003,159739
